{
	"version": 1,
	"changelists": [
		{
			"guid": "00000000000000000000000000000000",
			"description": "Default Uncontrolled Changelist",
			"files": [
				"C:/Users/kamyux/game/Content/PlayerChild.uasset",
				"C:/Users/kamyux/game/Content/levels/Level1House.umap",
				"C:/Users/kamyux/game/Content/Items/Chair.uasset",
				"C:/Users/kamyux/game/Content/Items/Inventory.uasset",
				"C:/Users/kamyux/game/Content/Items/Key.uasset",
				"C:/Users/kamyux/game/Content/Items/Bookshelf.uasset",
				"C:/Users/kamyux/game/Content/Interfaces/PickupItem.uasset",
				"C:/Users/kamyux/game/Content/Interfaces/InventorySystem.uasset",
				"C:/Users/kamyux/game/Content/UI/InventoryUI.uasset",
				"C:/Users/kamyux/game/Content/UI/ItemSlotUI.uasset",
				"C:/Users/kamyux/game/Content/Items/Door.uasset",
				"C:/Users/kamyux/game/Content/Items/Keys.uasset",
				"C:/Users/kamyux/game 5.1/Content/PlayerChild.uasset",
				"C:/Users/kamyux/game 5.1/Content/levels/Level1House.umap",
				"C:/Users/kamyux/game 5.1/Content/Items/Door.uasset",
				"C:/Users/kamyux/game 5.1/Content/Interfaces/HUD.uasset",
				"C:/Users/kamyux/game 5.1/Content/UI/DialogueBox.uasset",
				"C:/Users/kamyux/game 5.1/Content/Stairblock.uasset",
				"C:/Users/kamyux/game 5.1/Content/Interfaces/DialogueInteraction.uasset",
				"C:/Users/kamyux/game 5.1/Content/Items/Keys.uasset",
				"C:/Users/kamyux/game 5.1/Content/PopUp.uasset",
				"C:/Users/kamyux/game 5.1/Content/Items/doooor.uasset",
				"C:/Users/kamyux/game 5.1/Content/Items/Key.uasset",
				"C:/Users/kamyux/game 5.1 5.1/Content/Items/Key.uasset",
				"C:/Users/kamyux/game 5.1 5.1/Content/Items/Door.uasset",
				"C:/Users/kamyux/game 5.1 5.1/Content/levels/Level1House.umap",
				"C:/Users/kamyux/game 5.1 5.1/Content/Interfaces/InventorySystem.uasset",
				"C:/Users/kamyux/game 5.1 5.1/Content/PlayerChild.uasset",
				"C:/Users/kamyux/game 5.1 5.1 5.1/Content/Items/Stairblock.uasset",
				"C:/Users/kamyux/game 5.1 5.1 5.1/Content/Stairblock.uasset",
				"C:/Users/kamyux/game 5.1 5.1 5.1/Content/levels/Level1House.umap",
				"C:/Users/kamyux/game 5.1 5.1 5.1/Content/PopUp.uasset",
				"C:/Users/kamyux/game 5.1 5.1 5.1/Content/UI/DialogueBox.uasset",
				"C:/Users/kamyux/game 5.1 5.1 5.1/Content/PlayerChild.uasset",
				"C:/Users/kamyux/game 5.1 5.1 5.1 5.1/Content/UI/InventoryUI.uasset",
				"C:/Users/kamyux/game 5.1 5.1 5.1 5.1/Content/levels/Level1House.umap",
				"C:/Users/kamyux/game 5.1 5.1 5.1 5.1/Content/Items/OneWayPlatform.uasset",
				"C:/Users/kamyux/game 5.1 5.1 5.1 5.1/Content/Items/Key.uasset",
				"C:/Users/kamyux/game 5.1 5.1 5.1 5.1/Content/PlayerChild.uasset",
				"C:/Users/kamyux/game 5.1 5.1 5.1 5.1/Content/Items/Door.uasset",
				"C:/Users/kamyux/game 5.1 5.1 5.1 5.1/Content/PopUp.uasset",
				"C:/Users/kamyux/game 5.1 5.1 5.1 5.1/Content/levels/Game.umap",
				"C:/Users/kamyux/game 5.1 5.1 5.1 5.1/Content/levels/PopUp.uasset",
				"C:/Users/kamyux/game 5.1 5.1 5.1 5.1/Content/Items/PopUp.uasset",
				"C:/Users/kamyux/game 5.1 5.1 5.1 5.1/Content/Items/EndTrigger.uasset",
				"C:/Users/kamyux/game 5.1 5.1 5.1 5.1/Content/UI/DialogueBox.uasset",
				"C:/Users/kamyux/game 5.1/Content/Interfaces/DialogueBox.uasset",
				"C:/Users/kamyux/game 5.1/Content/Interfaces/ActivateDialogue.uasset",
				"C:/Users/kamyux/game 5.1/Content/Items/Door/Door.uasset",
				"C:/Users/kamyux/game 5.1/Content/Items/asdad/Door.uasset",
				"C:/Users/kamyux/game 5.1/Content/Items/asdad/doooor.uasset",
				"C:/Users/kamyux/game 5.1/Content/Items/sasdasdasd/Door.uasset",
				"C:/Users/kamyux/game 5.1/Content/Items/sasdasdasd/Default__Door_C.uasset",
				"C:/Users/kamyux/game 5.1/Content/Items/sasdasdasd/Door_C.uasset",
				"C:/Users/kamyux/game 5.1/Content/Items/Inventory.uasset",
				"C:/Users/kamyux/game/Content/Inventory.uasset",
				"C:/Users/kamyux/game/Content/UI/Inventory.uasset",
				"C:/Users/kamyux/game/Content/UI/ItemSlot.uasset",
				"C:/Users/kamyux/game/Content/Interfaces/Inventory.uasset",
				"C:/Users/kamyux/game/Content/Interfaces/ItemStruct.uasset",
				"C:/Users/kamyux/game/Content/Items/Item.uasset",
				"C:/Users/kamyux/topdown/game/Content/Level1House.umap",
				"C:/Users/kamyux/topdown/game/Content/levels/Level1House.umap",
				"C:/Users/kamyux/topdown/game/Content/PlayerChild.uasset",
				"C:/Users/kamyux/topdown/game/Content/SideScrollerGameMode.uasset",
				"C:/Users/kamyux/topdown/game/Content/PlayerController.uasset"
			]
		}
	]
}